"account";"Last_locked";"First_checked";"Last_checked"
"fr\AdminDGDR";"";"22/02/2022 12:40";"22/02/2022 14:13"
"fr\bevon.reid";"";"22/02/2022 12:40";"22/02/2022 14:13"
"emea\PPOIRIER";"";"22/02/2022 12:40";"22/02/2022 14:13"
"fr\charles.demurger";"";"22/02/2022 12:40";"22/02/2022 14:13"
"emea\fabien.pons-leblanc";"";"22/02/2022 12:40";"22/02/2022 14:13"
"fr\nicolas.testard";"";"22/02/2022 12:40";"22/02/2022 14:13"
"fr\virginie.boulle";"";"22/02/2022 12:40";"22/02/2022 14:13"
"fr\alexandre.orgeret";"";"22/02/2022 12:40";"22/02/2022 14:13"
"fr\marc.monnier";"";"22/02/2022 12:40";"22/02/2022 14:13"
"fr\Pauline.PERRIER";"";"22/02/2022 12:40";"22/02/2022 14:13"
"fr\stephanie.achard";"";"22/02/2022 12:40";"22/02/2022 14:13"
"fr\v.cannafarina";"";"22/02/2022 12:40";"22/02/2022 14:13"
"fr\audrey.saki";"";"22/02/2022 12:40";"22/02/2022 14:13"
"fr\aurelie.guilaume";"";"22/02/2022 12:40";"22/02/2022 14:13"
"fr\natacha.brault";"";"22/02/2022 12:40";"22/02/2022 14:13"
"fr\magali.zuchuat";"";"22/02/2022 12:40";"22/02/2022 14:13"
"fr\alexandre.viros";"";"22/02/2022 12:40";"22/02/2022 14:13"
"emea\mathilde.deroux";"";"22/02/2022 12:40";"22/02/2022 14:13"
"fr\nathalie.lapeyre";"";"22/02/2022 12:40";"22/02/2022 14:13"
"fr\alexandra.loustalet";"";"22/02/2022 12:40";"22/02/2022 14:13"
"fr\mohammed.mabrouk";"";"22/02/2022 12:40";"22/02/2022 14:13"
"fr\laurence.diroux";"";"22/02/2022 12:40";"22/02/2022 14:13"
"fr\marjorie.lerdou-udoy";"";"22/02/2022 12:40";"22/02/2022 14:13"
"fr\stephane.roussel";"";"22/02/2022 12:40";"22/02/2022 14:13"
"fr\j-b.perrier";"";"22/02/2022 12:40";"22/02/2022 14:13"
"fr\mathilde.mulle";"";"22/02/2022 12:40";"22/02/2022 14:13"
"fr\walter.ferino";"";"22/02/2022 12:40";"22/02/2022 14:13"
"emea\CVaschalde";"";"22/02/2022 12:40";"22/02/2022 14:13"
"fr\Sophie.CLAEYSSEN";"";"22/02/2022 12:40";"22/02/2022 14:13"
"fr\christophe.reveille";"";"22/02/2022 12:40";"22/02/2022 14:13"
"fr\Marie.SEINE";"";"22/02/2022 12:40";"22/02/2022 14:13"
"fr\samia.zerouali";"";"22/02/2022 12:40";"22/02/2022 14:13"
"fr\lilly.altazin";"";"22/02/2022 12:40";"22/02/2022 14:13"
"fr\nathalie.rose";"";"22/02/2022 12:40";"22/02/2022 14:13"
"emea\abdellah.elbekry";"";"22/02/2022 12:40";"22/02/2022 14:13"
"fr\christine.blondel";"";"22/02/2022 12:40";"22/02/2022 14:13"
"fr\haouari.fedjidj";"";"22/02/2022 12:40";"22/02/2022 14:13"
"fr\camille.diaz";"";"22/02/2022 12:40";"22/02/2022 14:13"
"fr\guilhen.dubourdieu";"";"22/02/2022 12:40";"22/02/2022 14:13"
"fr\nathalie.pierrel";"";"22/02/2022 12:40";"22/02/2022 14:13"
"fr\laurence.delebecque";"";"22/02/2022 12:40";"22/02/2022 14:13"
"fr\s.drzyczimieniecki";"";"22/02/2022 12:40";"22/02/2022 14:13"
"fr\karine.dufosse";"";"22/02/2022 12:40";"22/02/2022 14:13"
